history_id,property_id,price_change_date,old_price,new_price,reason
1,343,2025-03-02,2444369,2254376,Comparative market analysis
2,343,2025-02-05,2254376,2308128,Property improvements
3,343,2025-04-07,2308128,2413740,Market adjustment
4,818,2025-10-23,2841973,2478036,Market adjustment
5,818,2025-10-23,2478036,2427558,Time on market
6,854,2025-05-04,1666599,1505028,Market adjustment
7,854,2025-07-23,1505028,1412857,Comparative market analysis
8,672,2025-08-27,5152961,5439155,Time on market
9,10,2024-05-05,2298664,2202570,Comparative market analysis
10,10,2024-06-04,2202570,2012472,Comparative market analysis
11,10,2024-10-29,2012472,2144070,Comparative market analysis
12,1405,2025-03-07,7106530,7334352,Buyer feedback
13,705,2024-12-13,1370313,1336967,Property improvements
14,705,2025-03-24,1336967,1160395,Market adjustment
15,196,2025-10-30,9647648,10130704,Buyer feedback
16,779,2024-04-04,1990492,1967685,Time on market
17,779,2024-06-06,1967685,2070912,Comparative market analysis
18,1504,2024-06-02,3156387,2728314,Buyer feedback
19,1504,2024-06-27,2728314,2953698,Seasonal adjustment
20,461,2025-04-19,1481180,1299544,Time on market
21,508,2024-12-11,2144797,2180609,Property improvements
22,508,2024-12-15,2180609,1932655,Market adjustment
23,508,2025-07-03,1932655,1961595,Buyer feedback
24,1268,2025-02-22,3423086,3228523,Seasonal adjustment
25,1268,2025-04-18,3228523,3111793,Market adjustment
26,1444,2025-03-24,10634248,11577337,Time on market
27,509,2024-03-02,2224495,2371016,Time on market
28,509,2024-07-11,2371016,2598085,Market adjustment
29,812,2024-02-22,4841135,5207826,Market adjustment
30,812,2024-05-29,5207826,5312169,Time on market
31,1903,2025-03-02,18459766,19067194,Seasonal adjustment
32,1903,2025-03-14,19067194,18763802,Seasonal adjustment
33,1903,2025-04-03,18763802,18479879,Market adjustment
34,1703,2024-03-21,3479042,3426303,Comparative market analysis
35,1703,2024-05-27,3426303,3504466,Comparative market analysis
36,1703,2024-12-05,3504466,3260118,Market adjustment
37,1781,2025-02-26,4838451,4116605,Seasonal adjustment
38,1781,2025-03-22,4116605,3628247,Market adjustment
39,1859,2025-05-04,2917189,3206960,Buyer feedback
40,1859,2025-08-11,3206960,2805025,Market adjustment
41,1859,2025-10-01,2805025,2815207,Property improvements
42,1156,2024-03-28,1123696,1061628,Comparative market analysis
43,1156,2024-05-08,1061628,1131845,Time on market
44,1373,2025-09-30,1768231,1803475,Time on market
45,959,2024-04-03,1749522,1759569,Buyer feedback
46,959,2024-05-11,1759569,1638413,Seasonal adjustment
47,80,2025-07-11,1591193,1457643,Buyer feedback
48,80,2025-07-08,1457643,1567588,Time on market
49,1486,2024-12-22,2695780,2633767,Comparative market analysis
50,1486,2025-04-23,2633767,2780871,Property improvements
51,1246,2025-05-09,2954992,3182090,Seasonal adjustment
52,1246,2025-10-06,3182090,2925668,Seasonal adjustment
53,1288,2025-01-08,1647777,1704478,Property improvements
54,1288,2025-02-21,1704478,1701215,Seasonal adjustment
55,1867,2024-07-08,1410910,1264795,Market adjustment
56,1867,2024-09-16,1264795,1160922,Time on market
57,202,2024-12-28,4089555,3704140,Market adjustment
58,1008,2025-03-08,1206030,1109710,Comparative market analysis
59,1008,2025-03-17,1109710,1170568,Comparative market analysis
60,1008,2025-04-10,1170568,1229963,Seasonal adjustment
61,1700,2025-05-20,2189977,2322049,Time on market
62,1700,2025-06-17,2322049,2452782,Comparative market analysis
63,363,2025-10-19,1114003,1214999,Market adjustment
64,363,2025-10-30,1214999,1135765,Comparative market analysis
65,1171,2025-04-18,3030926,3039168,Time on market
66,1171,2025-09-16,3039168,2636575,Market adjustment
67,13,2024-03-15,1403978,1293647,Property improvements
68,13,2024-03-15,1293647,1302248,Property improvements
69,13,2025-01-02,1302248,1152893,Time on market
70,1291,2024-07-31,2925581,2758393,Buyer feedback
71,969,2024-05-19,2863778,2524954,Seasonal adjustment
72,1617,2024-06-09,984112,888459,Comparative market analysis
73,1925,2025-05-20,4943997,5042205,Time on market
74,1925,2025-07-30,5042205,5529023,Seasonal adjustment
75,1925,2025-10-04,5529023,5964880,Seasonal adjustment
76,30,2025-05-15,5927956,5481764,Property improvements
77,1844,2024-04-12,1059170,1040723,Property improvements
78,1790,2025-04-05,3112436,2786900,Seasonal adjustment
79,1790,2025-10-03,2786900,2509222,Comparative market analysis
80,1309,2025-05-31,11178093,9838161,Comparative market analysis
81,1066,2025-02-22,3725021,3286534,Seasonal adjustment
82,1066,2025-04-24,3286534,2979333,Seasonal adjustment
83,1066,2025-08-24,2979333,2652699,Comparative market analysis
84,1760,2024-02-18,2668189,2270733,Market adjustment
85,1889,2024-09-14,3043086,2959436,Market adjustment
86,1889,2024-09-06,2959436,2977222,Seasonal adjustment
87,1889,2024-10-19,2977222,3144274,Comparative market analysis
88,1143,2024-11-27,3715545,3651696,Seasonal adjustment
89,1143,2024-12-10,3651696,3702242,Time on market
90,1143,2025-03-02,3702242,3996882,Market adjustment
91,1533,2025-07-25,2915815,2500588,Seasonal adjustment
92,888,2024-07-06,2920673,2605741,Seasonal adjustment
93,888,2024-05-21,2605741,2363391,Comparative market analysis
94,23,2024-12-16,840532,907577,Market adjustment
95,955,2024-02-04,5246285,5652284,Market adjustment
96,1724,2024-08-09,3220270,2822910,Comparative market analysis
97,1724,2024-09-04,2822910,2565915,Buyer feedback
98,1724,2025-02-22,2565915,2667993,Market adjustment
99,1927,2025-10-25,1101097,1185646,Property improvements
100,691,2024-12-28,4381472,4012513,Property improvements
101,691,2025-06-28,4012513,3622019,Seasonal adjustment
102,205,2024-10-24,1507502,1656440,Seasonal adjustment
103,205,2024-11-07,1656440,1436938,Buyer feedback
104,205,2024-12-15,1436938,1434018,Time on market
105,1633,2023-12-07,1861222,1676275,Seasonal adjustment
106,700,2024-03-21,1731405,1794387,Comparative market analysis
107,294,2024-03-04,1678095,1789345,Market adjustment
108,270,2024-08-26,942120,833980,Buyer feedback
109,32,2024-08-25,2628859,2585292,Time on market
110,32,2024-10-26,2585292,2411258,Market adjustment
111,32,2025-03-23,2411258,2617484,Buyer feedback
112,1913,2024-02-27,1961769,1890905,Buyer feedback
113,1913,2024-06-21,1890905,1860418,Seasonal adjustment
114,1913,2024-08-24,1860418,1769798,Market adjustment
115,1646,2024-11-14,3457285,3708146,Seasonal adjustment
116,1646,2025-01-09,3708146,3860543,Time on market
117,1646,2025-05-15,3860543,3676105,Market adjustment
118,1123,2025-06-23,5417776,4700877,Buyer feedback
119,1123,2025-07-03,4700877,4992624,Buyer feedback
120,1269,2025-10-16,1962523,1995803,Market adjustment
121,745,2025-03-09,1856683,1636679,Market adjustment
122,745,2025-07-14,1636679,1467102,Buyer feedback
123,388,2025-05-26,1566120,1558712,Comparative market analysis
124,388,2025-09-15,1558712,1575138,Buyer feedback
125,709,2025-11-02,2755586,2522012,Seasonal adjustment
126,709,2025-10-25,2522012,2361754,Property improvements
127,709,2025-10-03,2361754,2508689,Comparative market analysis
128,1986,2025-08-01,11994215,12859793,Comparative market analysis
129,800,2025-06-23,2238821,2267331,Seasonal adjustment
130,704,2024-02-29,2092663,2069326,Time on market
131,704,2024-05-04,2069326,2033222,Market adjustment
132,1807,2024-09-28,4811383,4794790,Time on market
133,1807,2025-01-06,4794790,5073959,Time on market
134,1807,2025-03-17,5073959,4515537,Market adjustment
135,1935,2025-06-15,4524920,4454725,Seasonal adjustment
136,1540,2025-02-16,1342824,1457040,Time on market
137,1540,2025-03-06,1457040,1323823,Seasonal adjustment
138,1540,2025-08-10,1323823,1173961,Property improvements
139,1358,2025-04-19,2836298,3082163,Property improvements
140,1358,2025-08-15,3082163,2718515,Market adjustment
141,1358,2025-08-14,2718515,2343667,Property improvements
142,243,2024-04-19,1353379,1434395,Market adjustment
143,243,2024-06-16,1434395,1519860,Property improvements
144,1122,2025-02-18,3826686,3707414,Time on market
145,1122,2025-01-31,3707414,3901418,Property improvements
146,1607,2024-01-20,2229413,1970045,Market adjustment
147,311,2025-06-13,1140738,1214792,Seasonal adjustment
148,311,2025-10-05,1214792,1124868,Comparative market analysis
149,311,2025-08-16,1124868,1128021,Time on market
150,701,2025-04-09,3780632,4064163,Time on market
151,701,2025-02-05,4064163,3885029,Time on market
152,701,2025-03-20,3885029,3341398,Time on market
153,106,2024-04-03,2416571,2163943,Time on market
154,1977,2024-10-20,3134609,3442819,Seasonal adjustment
155,554,2024-08-02,2747676,2725281,Seasonal adjustment
156,554,2024-08-21,2725281,2628071,Comparative market analysis
157,554,2025-03-25,2628071,2371293,Seasonal adjustment
158,1400,2025-09-04,3055509,2601624,Comparative market analysis
159,483,2025-06-05,4825660,4988182,Market adjustment
160,483,2025-09-21,4988182,4525183,Time on market
161,578,2024-11-25,3153932,3239585,Comparative market analysis
162,578,2025-02-12,3239585,2847805,Market adjustment
163,578,2024-12-25,2847805,2889549,Seasonal adjustment
164,1004,2024-11-17,1094029,1068899,Property improvements
165,1004,2024-08-31,1068899,918746,Comparative market analysis
166,944,2024-04-23,4104634,3570983,Property improvements
167,944,2024-05-27,3570983,3886985,Seasonal adjustment
168,944,2025-02-26,3886985,3553414,Buyer feedback
169,977,2025-09-19,4801888,4708130,Market adjustment
170,1826,2024-10-23,1486758,1602010,Time on market
171,1826,2025-03-10,1602010,1481354,Market adjustment
172,197,2024-11-08,2117667,2198182,Market adjustment
173,197,2024-12-29,2198182,2172223,Time on market
174,197,2024-12-10,2172223,2362678,Seasonal adjustment
175,222,2025-07-28,870037,913846,Seasonal adjustment
176,122,2024-02-09,3487913,3137075,Seasonal adjustment
177,240,2024-12-22,1386687,1496834,Comparative market analysis
178,240,2025-04-28,1496834,1371932,Comparative market analysis
179,240,2025-04-18,1371932,1274393,Time on market
180,510,2025-09-04,1607375,1525160,Seasonal adjustment
181,510,2025-09-11,1525160,1620005,Buyer feedback
182,682,2024-08-15,2281602,2139633,Time on market
183,682,2025-01-18,2139633,2071280,Comparative market analysis
184,58,2024-04-08,2006847,1963496,Time on market
185,58,2024-08-06,1963496,2032363,Buyer feedback
186,283,2024-07-09,3609051,3960051,Time on market
187,1428,2024-06-11,2412432,2159685,Market adjustment
188,1428,2024-06-12,2159685,2255708,Comparative market analysis
189,1316,2025-05-24,9612495,8368004,Seasonal adjustment
190,529,2024-10-16,1340256,1466169,Time on market
191,529,2025-02-04,1466169,1352458,Time on market
192,1725,2025-06-19,3417422,3354264,Market adjustment
193,1256,2024-06-03,2121338,2013283,Comparative market analysis
194,1256,2024-09-09,2013283,2196384,Comparative market analysis
195,1256,2024-07-16,2196384,2401081,Comparative market analysis
196,97,2025-03-10,994208,892655,Comparative market analysis
197,97,2025-03-29,892655,785444,Property improvements
198,446,2024-01-28,3548287,3050425,Time on market
199,446,2024-05-19,3050425,2873094,Comparative market analysis
200,374,2024-12-29,1244503,1235884,Comparative market analysis
201,374,2025-06-03,1235884,1192942,Time on market
202,199,2025-10-08,5175325,4978203,Seasonal adjustment
203,840,2025-04-13,1619341,1761485,Comparative market analysis
204,840,2025-07-31,1761485,1789698,Comparative market analysis
205,837,2025-07-31,2599896,2617710,Comparative market analysis
206,658,2025-10-06,2949713,2869262,Buyer feedback
207,300,2025-01-09,1620512,1762049,Time on market
208,300,2025-05-19,1762049,1852998,Comparative market analysis
209,300,2025-04-30,1852998,2009802,Time on market
210,1002,2024-12-27,1386533,1436319,Seasonal adjustment
211,939,2024-10-15,2342774,2463806,Comparative market analysis
212,939,2024-11-22,2463806,2155401,Buyer feedback
213,539,2025-07-04,1259333,1250689,Buyer feedback
214,737,2025-03-15,3163409,3301183,Seasonal adjustment
215,737,2025-06-01,3301183,3260425,Buyer feedback
216,1863,2024-02-11,5195210,4624754,Market adjustment
217,1863,2023-12-23,4624754,4452712,Seasonal adjustment
218,1863,2024-03-31,4452712,4758176,Buyer feedback
219,1133,2024-03-04,1387159,1228897,Buyer feedback
220,1133,2024-05-23,1228897,1122504,Comparative market analysis
221,1133,2024-08-22,1122504,1231138,Time on market
222,1021,2025-10-30,1150412,1035636,Time on market
223,560,2025-07-30,2980257,3245347,Property improvements
224,858,2025-04-08,1111227,1009533,Time on market
225,993,2024-04-30,1436026,1420921,Buyer feedback
226,993,2024-04-06,1420921,1542624,Time on market
227,942,2024-10-21,1814670,1765874,Market adjustment
228,942,2024-11-15,1765874,1916459,Property improvements
229,778,2024-11-03,2419093,2291735,Buyer feedback
230,1802,2025-03-21,1658771,1728409,Comparative market analysis
231,1802,2025-07-21,1728409,1503233,Market adjustment
232,1847,2025-10-08,2684533,2288919,Comparative market analysis
233,690,2025-10-15,917106,992966,Comparative market analysis
234,1284,2025-01-28,1374042,1231081,Time on market
235,970,2024-09-29,3713861,3817663,Buyer feedback
236,970,2025-03-17,3817663,3490585,Comparative market analysis
237,1989,2024-09-16,2033837,1929052,Property improvements
238,1989,2024-10-08,1929052,1664826,Comparative market analysis
239,1989,2025-03-31,1664826,1508664,Property improvements
240,684,2024-08-21,8819294,7857083,Market adjustment
241,684,2024-11-01,7857083,8416386,Seasonal adjustment
242,684,2024-10-17,8416386,7578613,Time on market
243,1490,2024-04-10,2568395,2725666,Market adjustment
244,750,2023-12-03,3336171,2965104,Seasonal adjustment
245,750,2024-02-18,2965104,3194086,Buyer feedback
246,750,2024-04-17,3194086,2821099,Buyer feedback
247,653,2024-10-31,3799437,3826656,Property improvements
248,653,2024-12-20,3826656,3981547,Buyer feedback
249,255,2024-04-27,1061978,969753,Market adjustment
250,255,2024-09-18,969753,876439,Comparative market analysis
251,1626,2024-11-05,818487,772797,Comparative market analysis
252,1626,2024-12-07,772797,686294,Seasonal adjustment
253,1626,2024-12-09,686294,669149,Time on market
254,664,2025-01-10,2540602,2780597,Buyer feedback
255,664,2025-08-13,2780597,2521038,Comparative market analysis
256,156,2025-05-03,2086076,2276494,Time on market
257,156,2025-08-31,2276494,2486520,Time on market
258,1691,2025-10-03,2571981,2483666,Property improvements
259,1014,2024-07-24,2143988,2127508,Time on market
260,1014,2024-11-01,2127508,1840905,Comparative market analysis
261,1448,2025-09-16,8030555,8179790,Market adjustment
262,1448,2025-10-28,8179790,7733803,Buyer feedback
263,401,2025-02-21,1989330,2139815,Buyer feedback
264,1957,2024-06-08,1912001,1737952,Market adjustment
265,1957,2024-12-13,1737952,1909256,Comparative market analysis
266,1957,2024-08-14,1909256,1804107,Seasonal adjustment
267,663,2025-01-25,3256843,3014386,Time on market
268,1611,2024-04-22,3286172,3354951,Time on market
269,611,2024-04-16,1489536,1583423,Time on market
270,1074,2024-03-27,8123270,7001191,Market adjustment
271,335,2024-08-20,3632633,3774231,Property improvements
272,335,2024-11-01,3774231,3573490,Comparative market analysis
273,1298,2025-08-19,1660773,1753480,Seasonal adjustment
274,927,2024-03-24,14209071,13334994,Seasonal adjustment
275,927,2024-05-01,13334994,11761755,Property improvements
276,81,2024-08-05,1663038,1714102,Property improvements
277,81,2024-11-29,1714102,1667627,Seasonal adjustment
278,786,2025-02-06,2409996,2311078,Buyer feedback
279,1995,2025-07-11,2483899,2390128,Seasonal adjustment
280,377,2024-07-27,3637891,3636139,Time on market
281,377,2024-07-15,3636139,3827995,Time on market
282,631,2024-05-15,1105608,998311,Buyer feedback
283,631,2024-11-01,998311,923605,Time on market
284,631,2024-11-27,923605,795771,Comparative market analysis
285,350,2025-06-07,883658,949743,Market adjustment
286,350,2025-09-13,949743,968901,Comparative market analysis
287,350,2025-11-03,968901,909447,Comparative market analysis
288,1605,2025-01-02,1329982,1459636,Seasonal adjustment
289,380,2024-04-24,2458464,2596515,Seasonal adjustment
290,380,2024-08-14,2596515,2468167,Seasonal adjustment
291,1463,2025-05-18,11354427,9842758,Property improvements
292,1463,2025-07-30,9842758,9183057,Market adjustment
293,1463,2025-10-12,9183057,8927547,Comparative market analysis
294,937,2025-05-15,1476002,1336363,Buyer feedback
295,411,2024-08-31,1670338,1812805,Time on market
296,411,2024-07-21,1812805,1785345,Comparative market analysis
297,465,2025-10-23,2013481,1942248,Market adjustment
298,973,2025-03-22,2557798,2184665,Property improvements
299,1302,2024-02-28,4127368,4255251,Comparative market analysis
300,1302,2023-12-22,4255251,4256870,Seasonal adjustment
301,1302,2024-03-26,4256870,4567904,Seasonal adjustment
302,198,2024-06-16,2568729,2723735,Time on market
303,1327,2024-01-07,7199758,6196693,Buyer feedback
304,545,2025-05-13,3666934,3805077,Market adjustment
305,545,2025-04-26,3805077,3412835,Seasonal adjustment
306,545,2025-09-26,3412835,3414963,Market adjustment
307,1449,2025-05-12,2070481,2241821,Comparative market analysis
308,1675,2025-10-20,3752314,3664971,Seasonal adjustment
309,1429,2024-07-24,1603247,1559482,Time on market
310,1235,2024-02-14,2069046,2102951,Time on market
311,1235,2024-09-07,2102951,1820120,Seasonal adjustment
312,1602,2024-11-18,2634729,2388526,Property improvements
313,407,2024-06-24,4588316,4581309,Time on market
314,1053,2024-11-10,3366456,3699127,Seasonal adjustment
315,1053,2025-02-05,3699127,3552220,Buyer feedback
316,1441,2025-09-18,4194268,4006864,Market adjustment
317,725,2025-02-23,2503599,2459074,Market adjustment
318,725,2025-08-22,2459074,2417294,Property improvements
319,1548,2024-04-22,5031407,5266968,Property improvements
320,1548,2024-03-01,5266968,4841950,Market adjustment
321,1548,2025-01-15,4841950,4943889,Seasonal adjustment
322,1051,2025-08-19,2691367,2841375,Comparative market analysis
323,1136,2024-12-15,3577424,3065490,Time on market
324,195,2024-05-09,2335732,2507671,Seasonal adjustment
325,195,2024-10-22,2507671,2206885,Buyer feedback
326,195,2024-09-15,2206885,2288656,Property improvements
327,397,2025-06-19,1298547,1128267,Time on market
328,397,2025-10-15,1128267,1030118,Market adjustment
329,397,2025-10-12,1030118,940093,Seasonal adjustment
330,500,2025-07-03,1297728,1184827,Market adjustment
331,500,2025-09-03,1184827,1149366,Property improvements
332,1705,2025-04-09,2002598,1974138,Seasonal adjustment
333,1705,2025-03-23,1974138,1706466,Comparative market analysis
334,1015,2024-04-14,2840315,2533822,Property improvements
335,1015,2024-07-10,2533822,2429829,Market adjustment
336,1871,2024-09-16,2453490,2404405,Comparative market analysis
337,1871,2024-09-27,2404405,2504718,Buyer feedback
338,175,2024-06-28,1214373,1043883,Market adjustment
339,175,2024-08-20,1043883,987678,Property improvements
340,1115,2025-04-17,1677257,1698875,Market adjustment
341,1115,2025-07-27,1698875,1848509,Comparative market analysis
342,1115,2025-07-18,1848509,1938896,Comparative market analysis
343,610,2025-10-09,2368944,2511775,Seasonal adjustment
344,717,2025-06-29,4346747,3858213,Buyer feedback
345,717,2025-09-26,3858213,3822799,Seasonal adjustment
346,848,2025-04-03,956240,1027828,Comparative market analysis
347,848,2025-06-16,1027828,965218,Time on market
348,1367,2024-12-15,2788929,2716060,Property improvements
349,379,2024-05-26,3194013,3141589,Comparative market analysis
350,379,2024-08-18,3141589,2884671,Buyer feedback
351,379,2024-04-11,2884671,3007869,Comparative market analysis
352,1720,2025-07-04,1625899,1495104,Time on market
353,1720,2025-09-01,1495104,1511707,Property improvements
354,1718,2024-09-23,2105426,2187947,Comparative market analysis
355,1248,2025-02-04,1890225,1763114,Comparative market analysis
356,1248,2025-06-10,1763114,1506348,Property improvements
357,431,2025-01-27,5191881,5451441,Comparative market analysis
358,1018,2023-12-10,2339256,2285269,Time on market
359,1018,2024-02-23,2285269,2355115,Comparative market analysis
360,209,2024-09-08,2081654,1987053,Comparative market analysis
361,209,2025-01-19,1987053,1713040,Time on market
362,209,2024-12-20,1713040,1708497,Market adjustment
363,1730,2024-02-20,3132481,2822518,Comparative market analysis
364,1730,2024-03-16,2822518,2984645,Seasonal adjustment
365,107,2025-07-23,2497647,2648919,Time on market
366,107,2025-08-07,2648919,2519902,Buyer feedback
367,1947,2024-08-27,2910878,3092321,Buyer feedback
368,1947,2024-09-30,3092321,2821302,Comparative market analysis
369,1947,2025-01-09,2821302,2566818,Time on market
370,250,2025-07-27,1601421,1700086,Market adjustment
371,250,2025-08-31,1700086,1597054,Time on market
372,951,2023-12-31,1068182,1035936,Buyer feedback
373,644,2024-01-13,9495647,9072364,Seasonal adjustment
374,180,2024-01-09,1569394,1682259,Buyer feedback
375,180,2024-04-19,1682259,1440407,Seasonal adjustment
376,180,2024-04-22,1440407,1393938,Buyer feedback
377,793,2025-09-30,3748675,3677784,Seasonal adjustment
378,793,2025-10-13,3677784,3643259,Property improvements
379,698,2025-02-16,8124451,7588078,Property improvements
380,698,2025-03-14,7588078,7642368,Property improvements
381,698,2025-03-26,7642368,8162887,Seasonal adjustment
382,1750,2025-03-15,1449671,1517510,Property improvements
383,1023,2024-07-03,2073615,2275962,Buyer feedback
384,1023,2024-08-16,2275962,2341396,Property improvements
385,1023,2024-10-09,2341396,2063992,Time on market
386,1128,2025-06-14,3214251,3090375,Market adjustment
387,1071,2024-02-27,1089557,1070898,Time on market
388,1071,2024-06-29,1070898,1091692,Time on market
389,1071,2024-10-03,1091692,1050136,Time on market
390,1836,2024-09-06,1999370,1893902,Market adjustment
391,1836,2025-01-19,1893902,2027852,Seasonal adjustment
392,1785,2025-01-23,1156786,1070639,Market adjustment
393,1785,2025-04-29,1070639,1004065,Buyer feedback
394,1564,2025-10-04,3716370,3440417,Time on market
395,1216,2024-01-16,647240,599679,Comparative market analysis
396,1480,2024-04-03,14960636,15069330,Comparative market analysis
397,1480,2024-06-11,15069330,14576325,Buyer feedback
398,1480,2024-10-12,14576325,15797663,Buyer feedback
399,636,2024-11-13,3372951,3120062,Seasonal adjustment
400,636,2025-01-06,3120062,2785138,Time on market
401,636,2025-06-02,2785138,2401730,Property improvements
402,572,2024-11-18,1479674,1468033,Comparative market analysis
403,206,2024-11-08,2206822,2370932,Comparative market analysis
404,206,2025-02-12,2370932,2245672,Property improvements
405,206,2024-10-07,2245672,2424008,Property improvements
406,1710,2024-06-08,3202183,3387735,Property improvements
407,1710,2024-10-08,3387735,3586556,Property improvements
408,353,2024-10-02,1128015,1001044,Comparative market analysis
409,807,2024-10-24,814157,698116,Time on market
410,807,2024-07-26,698116,676893,Comparative market analysis
411,807,2024-12-02,676893,714600,Buyer feedback
412,258,2025-09-29,1877265,1953630,Time on market
413,258,2025-09-12,1953630,2033802,Market adjustment
414,189,2025-09-10,1843430,1659171,Comparative market analysis
415,1501,2025-06-26,2549303,2243878,Comparative market analysis
416,1501,2025-07-29,2243878,2302706,Buyer feedback
417,620,2024-03-27,3371886,3140519,Seasonal adjustment
418,620,2024-03-14,3140519,2842759,Time on market
419,620,2024-03-02,2842759,2661716,Seasonal adjustment
420,45,2025-08-13,1707317,1669886,Buyer feedback
421,594,2025-05-27,2573076,2537354,Time on market
422,594,2025-10-05,2537354,2384390,Seasonal adjustment
423,359,2024-10-28,2200366,2344111,Seasonal adjustment
424,1576,2024-08-30,2122368,2017324,Seasonal adjustment
425,1576,2024-11-06,2017324,2134381,Market adjustment
426,637,2023-12-18,2266985,2488225,Property improvements
427,472,2025-09-21,3709582,3620846,Comparative market analysis
428,472,2025-09-26,3620846,3363841,Time on market
429,1364,2023-12-05,1823966,1570876,Comparative market analysis
430,370,2025-09-06,2490464,2488589,Market adjustment
431,370,2025-08-07,2488589,2401079,Property improvements
432,133,2024-03-20,5763648,5566939,Buyer feedback
433,1451,2024-09-16,3105751,3206854,Market adjustment
434,563,2024-07-07,2940301,2795237,Time on market
435,563,2024-09-07,2795237,2625332,Seasonal adjustment
436,1842,2024-11-17,2367729,2258521,Seasonal adjustment
437,347,2025-04-03,3214148,3450184,Buyer feedback
438,347,2025-03-27,3450184,3221231,Time on market
439,1336,2025-06-18,2040021,1954604,Time on market
440,1391,2025-09-01,2584926,2494565,Buyer feedback
441,768,2024-01-01,4783958,4562351,Comparative market analysis
442,525,2024-10-19,3377259,3165001,Seasonal adjustment
443,287,2025-09-13,2221263,2305889,Time on market
444,1689,2025-10-16,1460834,1441376,Seasonal adjustment
445,660,2024-12-05,1585464,1472970,Market adjustment
446,660,2024-12-04,1472970,1543722,Seasonal adjustment
447,1460,2024-02-16,822483,880894,Buyer feedback
448,1746,2025-09-02,5408078,5878549,Property improvements
449,1746,2025-09-20,5878549,5021616,Market adjustment
450,1673,2025-08-09,1513329,1661858,Property improvements
451,1127,2025-05-04,2878306,2677781,Market adjustment
452,1127,2025-08-15,2677781,2539927,Comparative market analysis
453,1679,2025-07-29,1671352,1788876,Seasonal adjustment
454,1679,2025-11-02,1788876,1586511,Market adjustment
455,1328,2025-09-12,2098033,2135802,Comparative market analysis
456,55,2024-04-03,4278458,3913208,Market adjustment
457,55,2024-03-05,3913208,3938255,Market adjustment
458,771,2025-09-09,1630832,1613593,Property improvements
459,424,2025-05-07,2284723,2492378,Market adjustment
460,831,2024-02-25,3383594,2956989,Buyer feedback
461,831,2024-06-17,2956989,2641030,Property improvements
462,831,2024-04-05,2641030,2594876,Comparative market analysis
463,776,2024-06-24,3968185,4052110,Buyer feedback
464,1430,2024-11-13,2758016,2903027,Property improvements
465,1430,2024-11-01,2903027,2959563,Buyer feedback
466,1430,2025-04-26,2959563,2631413,Seasonal adjustment
467,873,2025-10-05,5712702,5283504,Buyer feedback
468,120,2024-03-27,7964636,7844427,Buyer feedback
469,102,2025-05-29,2178488,1867989,Buyer feedback
470,102,2025-06-16,1867989,1918803,Comparative market analysis
471,1169,2025-06-25,4196176,4554734,Property improvements
472,678,2024-10-12,5354417,4552904,Property improvements
473,1027,2025-02-21,4890520,4341264,Property improvements
474,1027,2025-04-12,4341264,4533457,Property improvements
475,1331,2025-10-04,2263564,2024405,Time on market
476,4,2024-05-29,2163932,2145133,Buyer feedback
477,692,2024-03-13,2147355,1991385,Seasonal adjustment
478,910,2024-11-09,1465393,1399253,Seasonal adjustment
479,1130,2024-10-20,1408917,1266241,Time on market
480,1427,2024-11-21,3612814,3191504,Seasonal adjustment
481,1223,2024-07-06,4139483,4173063,Market adjustment
482,1223,2024-06-19,4173063,4201093,Comparative market analysis
483,1549,2025-10-21,1685936,1637367,Comparative market analysis
484,1812,2025-09-29,3141837,3448466,Market adjustment
485,1812,2025-10-10,3448466,3476443,Buyer feedback
486,759,2025-01-21,2203184,2409274,Buyer feedback
487,759,2025-02-23,2409274,2162340,Comparative market analysis
488,759,2025-05-05,2162340,2061738,Comparative market analysis
489,1287,2024-05-22,13465270,12746541,Market adjustment
490,1484,2025-04-07,2975896,2570140,Buyer feedback
491,585,2025-06-04,1350824,1329981,Property improvements
492,1111,2024-04-12,4625208,4230884,Comparative market analysis
493,1787,2024-10-11,5360378,5605010,Seasonal adjustment
494,860,2025-04-21,2142538,2160611,Market adjustment
495,1383,2024-11-30,2264161,2170428,Property improvements
496,1383,2025-05-12,2170428,2158563,Market adjustment
497,1231,2024-04-17,1780707,1876766,Comparative market analysis
498,1231,2024-07-27,1876766,1998233,Time on market
499,1948,2025-05-28,5225368,4927245,Buyer feedback
500,1948,2025-08-18,4927245,4322685,Property improvements
501,1520,2025-07-03,5385862,5663446,Market adjustment
502,595,2025-07-11,3506225,3074710,Time on market
503,865,2025-07-20,2351475,2492204,Seasonal adjustment
504,1985,2025-09-01,1245388,1267417,Market adjustment
505,999,2025-06-18,2986388,2936551,Seasonal adjustment
506,999,2025-07-24,2936551,3057183,Property improvements
507,1180,2025-03-15,1529352,1572591,Seasonal adjustment
508,1180,2025-01-27,1572591,1708011,Time on market
509,1180,2025-04-12,1708011,1692913,Time on market
510,320,2025-03-11,2457543,2633556,Seasonal adjustment
511,435,2024-11-28,1076811,1112615,Seasonal adjustment
512,619,2025-10-21,1640198,1579638,Time on market
513,39,2024-05-16,2236613,2089685,Comparative market analysis
514,39,2024-08-15,2089685,1779090,Comparative market analysis
515,39,2024-07-08,1779090,1710977,Comparative market analysis
516,564,2025-05-18,639417,685232,Comparative market analysis
517,244,2024-07-09,2189533,2403631,Comparative market analysis
518,244,2024-09-02,2403631,2385481,Seasonal adjustment
519,244,2025-04-23,2385481,2434048,Market adjustment
520,945,2024-05-30,2172977,2372459,Comparative market analysis
521,945,2024-06-17,2372459,2541518,Market adjustment
522,1266,2024-02-08,1057927,959004,Market adjustment
523,1266,2024-04-21,959004,1001597,Market adjustment
524,1404,2024-04-26,1557653,1691684,Property improvements
525,51,2025-04-02,3094243,2711265,Market adjustment
526,51,2025-07-18,2711265,2307525,Buyer feedback
527,1694,2024-08-15,2356405,2343011,Time on market
528,1694,2024-12-23,2343011,2320876,Seasonal adjustment
529,1694,2024-10-31,2320876,2282543,Buyer feedback
530,1876,2025-09-18,2175631,2100470,Property improvements
531,1876,2025-10-08,2100470,1879496,Property improvements
532,1874,2024-03-15,2943494,2940421,Seasonal adjustment
533,92,2024-05-31,3846633,4203070,Comparative market analysis
534,92,2024-10-15,4203070,4579185,Property improvements
535,1843,2025-09-09,3810945,3597567,Time on market
536,1347,2024-03-17,2835645,3107192,Comparative market analysis
537,892,2025-04-24,1666484,1484704,Time on market
538,892,2025-07-11,1484704,1372648,Seasonal adjustment
539,1300,2024-07-01,2599884,2675544,Seasonal adjustment
540,1300,2024-05-24,2675544,2789320,Comparative market analysis
541,1300,2024-10-11,2789320,2916389,Buyer feedback
542,1495,2025-10-17,1286440,1313213,Market adjustment
543,1881,2024-01-31,2191493,2272567,Seasonal adjustment
544,1301,2024-01-27,3514589,3526962,Buyer feedback
545,1301,2024-03-22,3526962,3039521,Market adjustment
546,808,2025-07-10,1163484,1016826,Market adjustment
547,456,2025-06-04,1721516,1746885,Comparative market analysis
548,1401,2024-10-14,1496673,1456143,Comparative market analysis
549,590,2025-10-31,2871282,2537475,Property improvements
550,161,2024-09-15,2425743,2628211,Market adjustment
551,161,2025-01-05,2628211,2286536,Time on market
552,584,2025-10-17,2660333,2432450,Comparative market analysis
553,584,2025-09-08,2432450,2276685,Buyer feedback
554,1820,2025-04-25,3338792,2926705,Comparative market analysis
555,1820,2025-09-07,2926705,2961164,Time on market
556,40,2025-11-01,7951207,7537174,Market adjustment
557,1461,2024-10-26,1679568,1837541,Comparative market analysis
558,1461,2025-01-04,1837541,1881049,Property improvements
559,1461,2025-04-13,1881049,1628339,Time on market
560,1183,2024-03-07,1699990,1723699,Property improvements
561,1183,2024-03-20,1723699,1694469,Seasonal adjustment
562,1183,2024-06-24,1694469,1716136,Seasonal adjustment
563,1420,2025-09-12,1746255,1698369,Comparative market analysis
564,950,2024-04-02,2398064,2143992,Time on market
565,950,2024-05-03,2143992,1919500,Property improvements
566,950,2024-06-28,1919500,1805667,Property improvements
567,1557,2024-10-23,1263709,1227587,Comparative market analysis
568,1557,2025-02-04,1227587,1337391,Buyer feedback
569,1557,2024-09-30,1337391,1375732,Market adjustment
570,954,2024-09-30,1711231,1582647,Property improvements
571,954,2024-08-27,1582647,1692649,Time on market
572,954,2024-12-27,1692649,1675980,Time on market
573,1671,2025-08-15,1870359,1640453,Time on market
574,455,2024-04-05,1727745,1773471,Market adjustment
575,826,2024-05-17,2124910,2193690,Buyer feedback
576,826,2024-08-07,2193690,2049063,Buyer feedback
577,1259,2024-05-31,3260083,3163255,Time on market
578,1259,2024-11-12,3163255,2736048,Property improvements
579,514,2024-08-19,1946110,1921367,Time on market
580,741,2025-06-08,3111944,3128653,Property improvements
581,766,2025-07-29,1781795,1686265,Buyer feedback
582,1195,2025-06-09,1487516,1613048,Seasonal adjustment
583,1195,2025-10-24,1613048,1677389,Seasonal adjustment
584,1848,2025-08-03,1935012,1822593,Market adjustment
585,1848,2025-06-21,1822593,1851898,Seasonal adjustment
586,2000,2024-12-30,3495266,3481472,Time on market
587,2000,2025-03-14,3481472,2966532,Market adjustment
588,2000,2024-12-22,2966532,2705516,Comparative market analysis
589,463,2024-11-23,1480060,1314483,Seasonal adjustment
590,463,2025-02-26,1314483,1328006,Buyer feedback
591,1072,2025-10-03,2124950,2226515,Comparative market analysis
592,1299,2024-06-21,3251116,3540554,Market adjustment
593,1299,2024-07-06,3540554,3320961,Time on market
594,158,2024-02-23,1840550,1862373,Buyer feedback
595,158,2023-12-23,1862373,1861435,Buyer feedback
596,747,2025-06-14,3151168,3202886,Buyer feedback
597,747,2025-07-23,3202886,3165900,Seasonal adjustment
598,747,2025-06-10,3165900,3008939,Comparative market analysis
599,824,2024-11-28,3459011,3620275,Property improvements
600,1800,2024-09-20,1629250,1713166,Time on market
601,1828,2025-07-20,2931381,2634891,Comparative market analysis
602,543,2024-07-17,11914655,11494186,Comparative market analysis
603,543,2024-07-18,11494186,12601672,Market adjustment
604,1852,2024-11-05,2701652,2900640,Comparative market analysis
605,1852,2025-01-16,2900640,2891238,Seasonal adjustment
606,1852,2024-12-21,2891238,2761625,Time on market
607,589,2024-12-02,1736480,1521034,Seasonal adjustment
608,589,2024-12-16,1521034,1658006,Property improvements
609,589,2025-06-16,1658006,1583395,Buyer feedback
610,857,2024-05-17,975415,988024,Market adjustment
611,1532,2025-05-12,1458940,1411557,Buyer feedback
612,346,2024-11-29,1094746,1103727,Property improvements
613,1098,2024-05-25,2931382,2510024,Seasonal adjustment
614,1098,2024-05-29,2510024,2348614,Comparative market analysis
615,1362,2024-08-08,3921909,3548109,Market adjustment
616,1162,2024-04-13,1421997,1217798,Seasonal adjustment
617,1162,2024-05-12,1217798,1239285,Time on market
618,1162,2024-06-20,1239285,1325829,Time on market
619,1436,2024-01-27,3273827,2804593,Seasonal adjustment
620,859,2024-09-25,15715313,14707148,Market adjustment
621,859,2025-01-30,14707148,13859842,Buyer feedback
622,859,2025-05-05,13859842,11859442,Time on market
623,1915,2024-01-05,1451219,1340577,Comparative market analysis
624,1915,2024-08-18,1340577,1377376,Market adjustment
625,1506,2024-02-17,3082203,2702493,Buyer feedback
626,1506,2024-05-31,2702493,2774072,Seasonal adjustment
627,835,2025-04-08,857012,806148,Time on market
628,493,2025-10-02,1844776,1949531,Buyer feedback
629,493,2025-10-01,1949531,2078673,Buyer feedback
630,1314,2025-09-22,2544934,2625781,Market adjustment
631,440,2024-07-09,5269927,5509338,Comparative market analysis
632,440,2024-08-27,5509338,5563801,Buyer feedback
633,440,2025-03-30,5563801,5365711,Property improvements
634,467,2025-01-31,1223582,1318323,Property improvements
635,467,2025-02-12,1318323,1329442,Buyer feedback
636,467,2025-06-21,1329442,1431068,Comparative market analysis
637,1758,2024-03-06,1794925,1715565,Time on market
638,1758,2024-09-14,1715565,1732248,Market adjustment
639,862,2024-06-21,9275991,8628366,Time on market
640,862,2024-08-06,8628366,9079506,Buyer feedback
641,862,2024-09-30,9079506,8992790,Market adjustment
642,1292,2025-08-02,3217781,2915768,Seasonal adjustment
643,1292,2025-07-24,2915768,2551351,Market adjustment
644,170,2024-11-15,5024825,4808599,Seasonal adjustment
645,170,2025-02-06,4808599,5102443,Property improvements
646,1499,2025-04-13,2543816,2757358,Property improvements
647,1188,2025-09-04,3224203,2974458,Time on market
648,1971,2025-10-02,2960173,2810587,Time on market
649,427,2025-05-04,2543171,2422455,Buyer feedback
650,1418,2024-09-20,941453,818802,Property improvements
651,1418,2025-03-15,818802,818042,Comparative market analysis
652,1418,2024-11-04,818042,862684,Seasonal adjustment
653,1657,2024-11-18,2519159,2557242,Property improvements
654,1502,2025-01-09,1741542,1496328,Buyer feedback
655,1502,2025-03-25,1496328,1467644,Comparative market analysis
656,1502,2025-10-14,1467644,1495830,Seasonal adjustment
657,847,2024-09-14,1131729,1075701,Property improvements
658,1281,2025-07-30,9567604,8282190,Seasonal adjustment
659,1281,2025-08-18,8282190,8858008,Time on market
660,1087,2024-07-03,3441712,3379612,Time on market
661,1087,2024-08-05,3379612,3572045,Property improvements
662,1087,2025-02-08,3572045,3875684,Buyer feedback
663,863,2024-07-09,1478283,1344530,Seasonal adjustment
664,863,2024-10-12,1344530,1176783,Time on market
665,1992,2025-05-06,1979819,1982442,Seasonal adjustment
666,477,2025-02-01,4980340,4782225,Seasonal adjustment
667,1831,2025-09-09,1469713,1354205,Property improvements
668,1831,2025-09-14,1354205,1327706,Comparative market analysis
669,1466,2024-04-29,2246757,2234410,Market adjustment
670,1432,2024-03-16,2685912,2831008,Seasonal adjustment
671,316,2024-06-27,1472643,1524563,Seasonal adjustment
672,316,2024-11-14,1524563,1640796,Buyer feedback
673,316,2025-05-14,1640796,1767888,Market adjustment
674,1560,2024-04-29,6754089,6581473,Market adjustment
675,1560,2024-08-16,6581473,6259839,Buyer feedback
676,1815,2025-02-12,3204816,3080429,Seasonal adjustment
677,976,2024-08-12,2463837,2397348,Buyer feedback
678,976,2024-10-06,2397348,2217576,Buyer feedback
679,976,2024-09-04,2217576,2370840,Seasonal adjustment
680,1817,2024-08-01,4449326,4121732,Buyer feedback
681,454,2023-12-27,2892127,3036527,Seasonal adjustment
682,454,2024-06-05,3036527,3249329,Buyer feedback
683,454,2024-04-13,3249329,3049046,Property improvements
684,1179,2025-02-07,1854397,1986180,Buyer feedback
685,149,2024-10-14,2299151,2278040,Time on market
686,149,2025-01-28,2278040,2150146,Market adjustment
687,149,2025-04-28,2150146,1920460,Seasonal adjustment
688,1007,2024-11-23,1149665,1210884,Time on market
689,1007,2025-04-23,1210884,1303952,Property improvements
690,1007,2025-06-30,1303952,1179221,Property improvements
691,110,2024-10-24,2645908,2424173,Buyer feedback
692,110,2024-11-11,2424173,2581398,Time on market
693,110,2025-05-24,2581398,2393424,Comparative market analysis
694,1741,2025-07-05,1910947,2066693,Seasonal adjustment
695,1344,2024-12-10,2399610,2046800,Time on market
696,1344,2025-03-12,2046800,2217409,Buyer feedback
697,522,2024-08-18,2505767,2324747,Property improvements
698,522,2025-03-04,2324747,2224215,Seasonal adjustment
699,1692,2025-01-21,3241511,3010293,Time on market
700,846,2025-02-26,1494334,1603485,Seasonal adjustment
701,846,2025-06-16,1603485,1595427,Time on market
702,846,2025-05-28,1595427,1556252,Market adjustment
703,147,2024-12-01,1809846,1686896,Property improvements
704,147,2025-01-13,1686896,1739594,Buyer feedback
705,907,2025-07-15,1471806,1343053,Seasonal adjustment
706,44,2025-07-13,2345278,1998950,Time on market
707,44,2025-09-06,1998950,2065466,Buyer feedback
708,1854,2025-04-26,1626399,1766334,Time on market
709,322,2025-07-20,1418715,1346040,Property improvements
710,322,2025-05-06,1346040,1276273,Property improvements
711,322,2025-07-21,1276273,1401273,Property improvements
712,1303,2024-09-22,1352871,1479374,Buyer feedback
713,1303,2024-12-18,1479374,1599465,Buyer feedback
714,526,2025-02-17,1961791,1987710,Market adjustment
715,526,2025-08-29,1987710,2124366,Property improvements
716,526,2025-07-30,2124366,2090241,Property improvements
717,722,2025-04-25,1409645,1394150,Time on market
718,1930,2024-11-04,4937247,4356861,Buyer feedback
719,1930,2025-04-14,4356861,4408430,Time on market
720,869,2024-06-17,980223,980204,Property improvements
721,869,2024-06-22,980204,1037558,Comparative market analysis
722,485,2024-12-02,2357053,2479185,Property improvements
723,1541,2024-04-20,2264271,2348382,Buyer feedback
724,1541,2024-03-25,2348382,2101926,Comparative market analysis
725,69,2024-07-25,5575226,5217081,Time on market
726,69,2024-09-12,5217081,5713099,Market adjustment
727,69,2025-03-17,5713099,5525126,Seasonal adjustment
728,659,2023-11-29,1479945,1477454,Seasonal adjustment
729,998,2024-08-13,4412956,3858627,Market adjustment
730,1600,2024-01-18,2469958,2663154,Buyer feedback
731,1600,2023-12-25,2663154,2418580,Seasonal adjustment
732,1600,2023-12-20,2418580,2212765,Time on market
733,1650,2024-12-12,2321929,2033999,Buyer feedback
734,1650,2025-02-22,2033999,2172369,Time on market
735,1177,2024-08-18,1656406,1513812,Property improvements
736,1177,2024-08-21,1513812,1287025,Buyer feedback
737,1177,2024-11-26,1287025,1240953,Comparative market analysis
738,28,2025-07-20,2434949,2672003,Seasonal adjustment
739,519,2025-03-01,3206361,2959478,Property improvements
740,1471,2024-10-05,4879118,5209188,Seasonal adjustment
741,1471,2024-11-20,5209188,5565229,Comparative market analysis
742,336,2025-02-05,5060515,4451782,Time on market
743,336,2025-02-25,4451782,4284669,Time on market
744,336,2025-05-08,4284669,4255857,Time on market
745,1574,2025-07-29,1035887,1130804,Market adjustment
746,1574,2025-08-20,1130804,1141780,Comparative market analysis
747,1574,2025-06-29,1141780,1247544,Seasonal adjustment
748,537,2024-04-07,1909124,1861066,Buyer feedback
749,537,2024-08-11,1861066,2012782,Time on market
750,537,2024-05-30,2012782,1867893,Property improvements
751,720,2025-05-22,1279521,1221224,Market adjustment
752,720,2025-09-21,1221224,1300007,Comparative market analysis
753,46,2024-02-07,1124571,994080,Time on market
754,782,2024-02-19,1246326,1072633,Market adjustment
755,627,2024-11-21,10139212,9187452,Time on market
756,627,2025-05-22,9187452,8297407,Property improvements
757,521,2024-04-07,1203319,1305140,Market adjustment
758,521,2024-07-21,1305140,1380942,Comparative market analysis
759,521,2024-05-06,1380942,1241028,Comparative market analysis
760,1187,2024-06-20,1411683,1314367,Comparative market analysis
761,279,2024-05-14,3685796,3505343,Comparative market analysis
762,1003,2024-10-11,2915552,2857881,Property improvements
763,1003,2025-04-01,2857881,2459341,Time on market
764,1003,2024-12-29,2459341,2096268,Time on market
765,1220,2025-05-06,3431534,3210387,Market adjustment
766,307,2024-01-02,5183633,4432331,Buyer feedback
767,307,2024-04-28,4432331,4623351,Time on market
768,369,2025-03-06,1822159,1566629,Property improvements
769,369,2025-03-10,1566629,1425203,Buyer feedback
770,369,2025-05-12,1425203,1290366,Property improvements
771,173,2024-02-13,2023913,2172715,Property improvements
772,173,2024-05-19,2172715,2225463,Comparative market analysis
773,1058,2025-08-11,3404638,3591123,Buyer feedback
774,1257,2023-12-24,1962727,2043463,Comparative market analysis
775,1257,2024-05-13,2043463,2239312,Property improvements
776,1257,2024-06-20,2239312,2088079,Buyer feedback
777,1455,2025-01-28,1631208,1471750,Comparative market analysis
778,1455,2025-02-14,1471750,1372793,Seasonal adjustment
779,1332,2024-06-17,4320595,3974241,Time on market
780,1332,2024-11-13,3974241,3424584,Time on market
781,987,2024-11-07,2673020,2920433,Seasonal adjustment
782,987,2025-04-12,2920433,3190468,Time on market
783,987,2025-09-23,3190468,3036227,Property improvements
784,1584,2025-01-12,3498931,3373279,Seasonal adjustment
785,1584,2025-02-15,3373279,3030018,Time on market
786,1884,2024-07-01,4557190,4396204,Comparative market analysis
787,1884,2024-09-22,4396204,4283354,Seasonal adjustment
788,1834,2024-11-07,3349097,2920533,Market adjustment
789,1834,2024-12-13,2920533,2751655,Property improvements
790,1474,2025-07-05,685925,622100,Seasonal adjustment
791,100,2025-01-10,1247547,1103134,Buyer feedback
792,100,2025-05-14,1103134,1065516,Property improvements
793,100,2025-03-12,1065516,941226,Property improvements
794,1542,2025-04-04,1221919,1306488,Buyer feedback
795,1542,2025-02-09,1306488,1289927,Seasonal adjustment
796,1092,2025-06-22,1679256,1680758,Seasonal adjustment
797,1092,2025-07-05,1680758,1634016,Seasonal adjustment
798,1065,2025-11-02,2169544,2042947,Buyer feedback
799,825,2025-01-25,2295030,2482472,Buyer feedback
800,825,2025-04-20,2482472,2183260,Time on market
801,825,2025-09-26,2183260,2177733,Buyer feedback
802,1234,2024-09-15,1979610,2141565,Buyer feedback
803,1234,2024-09-26,2141565,1930743,Buyer feedback
804,1234,2024-12-17,1930743,1807994,Seasonal adjustment
805,1697,2025-04-18,3216885,3034311,Seasonal adjustment
806,1697,2025-04-18,3034311,2891531,Buyer feedback
807,492,2025-03-09,2389114,2087019,Seasonal adjustment
808,492,2025-07-18,2087019,2205960,Buyer feedback
809,558,2025-07-20,1986064,2088118,Comparative market analysis
810,76,2025-07-06,3650973,3237960,Property improvements
811,76,2025-06-28,3237960,2851317,Seasonal adjustment
812,57,2024-10-10,2073781,1893472,Market adjustment
813,57,2024-10-31,1893472,1977096,Seasonal adjustment
814,1521,2025-04-24,1086254,1056911,Buyer feedback
815,1521,2025-10-31,1056911,1045901,Seasonal adjustment
816,1521,2025-07-19,1045901,927583,Buyer feedback
817,1512,2024-03-03,2633587,2752845,Property improvements
818,1512,2024-03-26,2752845,2379350,Buyer feedback
819,1512,2024-04-08,2379350,2049143,Comparative market analysis
820,157,2025-02-24,2848122,2806716,Time on market
821,501,2025-07-17,1684142,1748227,Property improvements
822,1305,2025-08-06,2282340,2324472,Comparative market analysis
823,1305,2025-08-26,2324472,2258772,Market adjustment
824,1632,2024-02-01,1531137,1654861,Seasonal adjustment
825,1632,2024-06-08,1654861,1765944,Time on market
826,488,2024-07-21,1679625,1753108,Buyer feedback
827,171,2025-07-08,1871276,1869110,Time on market
828,171,2025-05-29,1869110,1899072,Time on market
829,1255,2024-04-16,2378248,2346946,Market adjustment
830,1255,2024-03-25,2346946,2127627,Buyer feedback
831,1255,2024-12-02,2127627,1930367,Seasonal adjustment
832,855,2025-07-25,1555489,1377695,Comparative market analysis
833,1084,2025-02-19,1802739,1908122,Property improvements
834,1084,2025-06-04,1908122,1763227,Buyer feedback
835,101,2025-10-30,2446964,2589819,Property improvements
836,517,2025-03-07,3110553,2929181,Market adjustment
837,1377,2025-10-15,17160816,17773380,Buyer feedback
838,1377,2025-10-04,17773380,16046575,Comparative market analysis
839,1770,2025-10-19,1910113,1708098,Buyer feedback
840,1770,2025-10-31,1708098,1748204,Market adjustment
841,1770,2025-08-16,1748204,1570650,Property improvements
842,596,2025-03-30,1358796,1188263,Property improvements
843,596,2025-06-05,1188263,1251030,Market adjustment
844,1324,2024-08-15,3225263,3231933,Comparative market analysis
845,1324,2024-12-18,3231933,2979592,Seasonal adjustment
846,1850,2025-01-08,1519576,1538178,Comparative market analysis
847,1850,2025-03-13,1538178,1666113,Seasonal adjustment
848,112,2025-08-11,2680082,2683805,Seasonal adjustment
849,389,2024-11-02,4643948,4269413,Property improvements
850,389,2025-04-17,4269413,4622135,Market adjustment
851,17,2024-06-11,1319353,1290460,Property improvements
852,1213,2025-04-12,1494040,1399061,Property improvements
853,1756,2025-01-18,7378670,6934239,Seasonal adjustment
854,1756,2025-04-12,6934239,7512988,Property improvements
855,1465,2024-08-06,2113378,2229322,Seasonal adjustment
856,191,2024-01-29,2921881,2902263,Market adjustment
857,191,2024-07-07,2902263,2838630,Time on market
858,191,2024-11-02,2838630,2913911,Seasonal adjustment
859,418,2025-08-17,1564916,1499988,Comparative market analysis
860,1967,2025-02-08,3246591,2894886,Buyer feedback
861,1967,2025-03-05,2894886,2927686,Comparative market analysis
862,1967,2025-05-13,2927686,2959439,Market adjustment
863,1230,2024-04-21,2977222,2850883,Comparative market analysis
864,901,2025-08-01,2040238,2084590,Seasonal adjustment
865,1276,2024-04-01,1094326,1188834,Comparative market analysis
866,1276,2024-03-04,1188834,1064406,Market adjustment
867,1851,2025-02-12,2718617,2353887,Property improvements
868,1672,2024-08-30,1131097,1141567,Market adjustment
869,1505,2024-03-22,1599238,1432755,Market adjustment
870,360,2025-08-29,2573532,2727180,Property improvements
871,217,2024-03-12,2659360,2862550,Property improvements
872,1513,2025-04-24,6432704,5636401,Time on market
873,1513,2025-08-01,5636401,5243610,Market adjustment
874,1734,2025-07-19,5802709,5703166,Time on market
875,645,2024-11-02,1175052,1287983,Time on market
876,645,2024-12-31,1287983,1176773,Comparative market analysis
877,645,2025-04-02,1176773,1205861,Comparative market analysis
878,146,2025-04-21,1457754,1579921,Market adjustment
879,146,2025-05-27,1579921,1639116,Property improvements
880,146,2025-04-19,1639116,1553930,Seasonal adjustment
881,1751,2025-07-29,15190917,15017868,Comparative market analysis
882,1751,2025-07-24,15017868,15945462,Comparative market analysis
883,1113,2025-09-12,1176231,1240548,Comparative market analysis
884,124,2025-01-13,2741917,2884567,Seasonal adjustment
885,124,2025-01-12,2884567,3164686,Buyer feedback
886,124,2024-12-28,3164686,2795935,Market adjustment
887,615,2024-07-10,783474,819216,Time on market
888,615,2024-07-06,819216,710236,Market adjustment
889,1019,2024-09-24,2154966,1953464,Market adjustment
890,841,2025-01-17,1069019,965965,Time on market
891,1792,2024-08-31,3009643,3138542,Comparative market analysis
892,1792,2024-11-14,3138542,3174648,Property improvements
893,1792,2025-03-02,3174648,2952540,Buyer feedback
894,679,2024-03-26,1196871,1062341,Seasonal adjustment
895,382,2023-12-17,3016260,2817731,Comparative market analysis
896,382,2024-07-22,2817731,2644674,Time on market
897,382,2024-07-08,2644674,2745969,Market adjustment
898,975,2025-07-11,1425077,1312227,Seasonal adjustment
899,770,2024-05-08,2568204,2782389,Comparative market analysis
900,770,2024-04-11,2782389,2674343,Buyer feedback
901,770,2024-12-13,2674343,2527119,Time on market
902,553,2025-02-05,2877045,2936587,Buyer feedback
903,553,2024-12-10,2936587,3044813,Buyer feedback
904,553,2025-06-30,3044813,3200559,Property improvements
905,1953,2025-08-17,1284967,1312033,Seasonal adjustment
906,1953,2025-08-25,1312033,1140549,Time on market
907,357,2024-03-04,3016294,2686293,Comparative market analysis
908,357,2024-06-12,2686293,2620448,Time on market
909,357,2024-05-22,2620448,2425603,Buyer feedback
910,732,2025-05-31,2564484,2294940,Market adjustment
911,732,2025-09-01,2294940,2338531,Time on market
912,657,2024-03-20,3245604,3077626,Time on market
913,1623,2024-12-08,2389488,2392469,Time on market
914,1623,2024-12-26,2392469,2364744,Comparative market analysis
915,1614,2024-10-28,18379134,17539522,Market adjustment
916,1614,2025-03-02,17539522,18225806,Comparative market analysis
917,1614,2024-12-04,18225806,18631622,Time on market
918,87,2024-10-13,2330111,2390229,Market adjustment
919,87,2025-01-02,2390229,2488616,Comparative market analysis
920,1059,2024-03-19,10160739,9039481,Time on market
921,1059,2024-05-19,9039481,7939525,Comparative market analysis
922,1059,2024-05-07,7939525,8151800,Seasonal adjustment
923,263,2025-06-19,1841833,1781373,Property improvements
924,263,2025-09-24,1781373,1720139,Property improvements
925,1453,2025-07-22,2838217,2526157,Time on market
926,215,2025-07-20,2390032,2588984,Property improvements
927,215,2025-09-12,2588984,2619418,Comparative market analysis
928,215,2025-09-11,2619418,2776254,Seasonal adjustment
929,1475,2024-04-06,1191861,1060922,Comparative market analysis
930,1475,2024-02-27,1060922,1060059,Market adjustment
931,1475,2024-08-04,1060059,1004764,Market adjustment
932,1768,2024-09-26,3787601,3685545,Seasonal adjustment
933,1768,2025-02-07,3685545,3865526,Buyer feedback
934,1768,2025-08-02,3865526,3293906,Time on market
935,1905,2025-01-13,4258887,4093748,Property improvements
936,1150,2024-06-27,2296264,2126898,Property improvements
937,490,2024-09-01,1250040,1069297,Time on market
938,385,2024-02-14,4428181,4723737,Time on market
939,385,2024-04-04,4723737,4483286,Buyer feedback
940,231,2025-07-02,1229797,1196963,Property improvements
941,1994,2024-03-02,1429957,1278300,Buyer feedback
942,1994,2024-02-18,1278300,1233332,Time on market
943,1994,2024-03-28,1233332,1301015,Property improvements
944,542,2025-10-03,1152364,1259665,Property improvements
945,1055,2025-04-09,1379077,1201997,Property improvements
946,143,2025-03-16,3353229,3353235,Seasonal adjustment
947,143,2025-08-01,3353235,3552416,Market adjustment
948,851,2025-09-27,8064617,8099447,Comparative market analysis
949,1343,2024-04-14,4874470,4213148,Seasonal adjustment
950,1343,2024-08-17,4213148,4021328,Property improvements
951,1343,2024-12-31,4021328,4248622,Time on market
952,626,2024-05-03,2283814,2313838,Seasonal adjustment
953,626,2024-10-09,2313838,2404059,Buyer feedback
954,626,2024-06-19,2404059,2494422,Time on market
955,259,2024-12-19,2486995,2376946,Buyer feedback
956,676,2025-02-05,3742346,3291789,Buyer feedback
957,676,2025-02-19,3291789,3018759,Comparative market analysis
958,71,2025-10-22,4060561,4156653,Comparative market analysis
959,71,2025-10-18,4156653,4188819,Seasonal adjustment
960,1185,2023-12-26,2322640,2014209,Seasonal adjustment
961,1185,2024-06-21,2014209,1986042,Property improvements
962,665,2025-01-22,7505132,7197181,Seasonal adjustment
963,665,2025-03-05,7197181,7148948,Comparative market analysis
964,1503,2024-04-07,1464040,1596118,Seasonal adjustment
965,1773,2025-02-28,5180296,5389730,Time on market
966,1929,2023-12-18,2181070,1885619,Buyer feedback
967,1929,2024-06-20,1885619,1631805,Comparative market analysis
968,1929,2024-02-06,1631805,1561089,Buyer feedback
969,1363,2025-09-23,10872707,11192132,Market adjustment
970,693,2025-09-22,2171270,2364446,Comparative market analysis
971,905,2025-08-19,7283645,6984861,Property improvements
972,1049,2024-05-22,5575641,4947213,Seasonal adjustment
973,1397,2024-05-10,3299199,2829187,Time on market
974,1397,2024-08-29,2829187,2693028,Time on market
975,1397,2024-07-12,2693028,2801049,Property improvements
976,1581,2025-07-02,1944213,1958111,Property improvements
977,475,2024-11-11,3044007,3009994,Time on market
978,475,2024-10-13,3009994,3197861,Time on market
979,125,2024-04-20,1766690,1671435,Property improvements
980,856,2024-12-06,1882211,1649973,Buyer feedback
981,856,2025-03-15,1649973,1425010,Buyer feedback
982,856,2024-12-19,1425010,1360651,Seasonal adjustment
983,1670,2024-12-07,2101185,1979045,Time on market
984,1670,2024-12-17,1979045,1770249,Buyer feedback
985,1262,2024-10-19,2092529,2086903,Seasonal adjustment
986,1262,2025-01-24,2086903,2211868,Buyer feedback
987,1262,2025-01-26,2211868,2165753,Market adjustment
988,716,2024-07-07,1008503,901158,Buyer feedback
989,1232,2024-11-13,1995916,1912077,Time on market
990,1232,2024-10-30,1912077,1686423,Property improvements
991,1232,2024-11-27,1686423,1537137,Comparative market analysis
992,1241,2025-08-11,1535600,1515684,Buyer feedback
993,1346,2024-09-01,2167620,2329578,Time on market
994,1346,2024-09-30,2329578,2341007,Market adjustment
995,1346,2024-08-22,2341007,2423476,Property improvements
